{"cameraMode":{"drawMode":0,"name":"Shaded","section":"Shading Mode"},"sceneLighting":true,"audioPlay":false,"sceneViewState":{"m_AlwaysRefresh":false,"showFog":true,"showSkybox":true,"showFlares":true,"showImageEffects":true,"showParticleSystems":true,"showVisualEffectGraphs":true,"m_FxEnabled":true},"in2DMode":false,"pivot":{"x":434.80694580078127,"y":187.6071014404297,"z":0.0089111328125},"rotation":{"x":-0.008990149013698101,"y":-0.005704003851860762,"z":-0.00005205332126934081,"w":0.9999470710754395},"size":162.84547424316407,"orthographic":false}